{
    "Racing": {
        "0": {
            "!RankScores": [
                621,
                543,
                388,
                233,
                225
            ],
            "!TimeLimit": 150,
            "ScoreCap": 777,
            "TotalPods": 14,
            "ScaleFactor": 5.644393282134237,
            "PodFactor": 1.2,
            "TimeFactor": 1.0,
            "EPName": "KND Training Area (F)"
        },
        "1": {
            "!RankScores": [
                3633,
                3179,
                2271,
                1362,
                1317
            ],
            "!TimeLimit": 430,
            "ScoreCap": 4542,
            "TotalPods": 38,
            "ScaleFactor": 7.591673579337926,
            "PodFactor": 1.2,
            "TimeFactor": 1.0,
            "EPName": "Pokey Oaks Junior High (F)"
        },
        "2": {
            "!RankScores": [
                2088,
                1827,
                1305,
                783,
                757
            ],
            "!TimeLimit": 192,
            "ScoreCap": 2611,
            "TotalPods": 26,
            "ScaleFactor": 7.037870159236836,
            "PodFactor": 1.2,
            "TimeFactor": 1.0,
            "EPName": "Mandark's House (F)"
        },
        "3": {
            "!RankScores": [
                5898,
                5161,
                3686,
                2211,
                2138
            ],
            "!TimeLimit": 590,
            "ScoreCap": 7373,
            "TotalPods": 62,
            "ScaleFactor": 8.076653705355968,
            "PodFactor": 1.2,
            "TimeFactor": 1.0,
            "EPName": "Delightful Developments (F)"
        },
        "4": {
            "!RankScores": [
                10147,
                8878,
                6342,
                3805,
                3678
            ],
            "!TimeLimit": 982,
            "ScoreCap": 12684,
            "TotalPods": 83,
            "ScaleFactor": 8.619724357072208,
            "PodFactor": 1.2296292165591987,
            "TimeFactor": 1.0,
            "EPName": "Megas' Last Stand (F)"
        },
        "5": {
            "!RankScores": [
                9250,
                8094,
                5781,
                3468,
                3353
            ],
            "!TimeLimit": 647,
            "ScoreCap": 11563,
            "TotalPods": 103,
            "ScaleFactor": 8.526717769447902,
            "PodFactor": 1.2,
            "TimeFactor": 1.0,
            "EPName": "Pokey Oaks Junior High"
        },
        "6": {
            "!RankScores": [
                6077,
                5317,
                3798,
                2279,
                2203
            ],
            "!TimeLimit": 507,
            "ScoreCap": 7597,
            "TotalPods": 88,
            "ScaleFactor": 8.10660652683406,
            "PodFactor": 1.2,
            "TimeFactor": 1.0,
            "EPName": "Mandark's House"
        },
        "7": {
            "!RankScores": [
                3570,
                3124,
                2231,
                1338,
                1294
            ],
            "!TimeLimit": 300,
            "ScoreCap": 4463,
            "TotalPods": 53,
            "ScaleFactor": 7.5736678705207,
            "PodFactor": 1.2230897375690448,
            "TimeFactor": 1.0,
            "EPName": "Sweet Revenge"
        },
        "8": {
            "!RankScores": [
                6111,
                5347,
                3819,
                2291,
                2215
            ],
            "!TimeLimit": 425,
            "ScoreCap": 7639,
            "TotalPods": 64,
            "ScaleFactor": 8.113141933259586,
            "PodFactor": 1.2,
            "TimeFactor": 1.0,
            "EPName": "Delightful Developments"
        },
        "9": {
            "!RankScores": [
                12400,
                10850,
                7750,
                4650,
                4495
            ],
            "!TimeLimit": 1030,
            "ScoreCap": 15500,
            "TotalPods": 137,
            "ScaleFactor": 8.79811262411761,
            "PodFactor": 1.2,
            "TimeFactor": 1.0,
            "EPName": "Megas' Last Stand"
        },
        "10": {
            "!RankScores": [
                15678,
                13718,
                9799,
                5879,
                5683
            ],
            "!TimeLimit": 1277,
            "ScoreCap": 19598,
            "TotalPods": 128,
            "ScaleFactor": 9.055157699297208,
            "PodFactor": 1.2,
            "TimeFactor": 1.0,
            "EPName": "The Boneyard"
        },
        "11": {
            "!RankScores": [
                22000,
                19250,
                13750,
                8250,
                7974
            ],
            "!TimeLimit": 1537,
            "ScoreCap": 27500,
            "TotalPods": 132,
            "ScaleFactor": 9.330381897919121,
            "PodFactor": 1.2,
            "TimeFactor": 1.0,
            "EPName": "Reactor Works"
        },
        "12": {
            "!RankScores": [
                11600,
                10150,
                7250,
                4350,
                4205
            ],
            "!TimeLimit": 682,
            "ScoreCap": 14500,
            "TotalPods": 76,
            "ScaleFactor": 8.647786952095137,
            "PodFactor": 1.2,
            "TimeFactor": 1.0,
            "EPName": "Charles Darwin Middle School"
        },
        "13": {
            "!RankScores": [
                13613,
                11911,
                8508,
                5105,
                4934
            ],
            "!TimeLimit": 705,
            "ScoreCap": 17017,
            "TotalPods": 122,
            "ScaleFactor": 8.913522030619491,
            "PodFactor": 1.262065227232222,
            "TimeFactor": 1.0,
            "EPName": "Dizzy World"
        },
        "14": {
            "!RankScores": [
                10168,
                8897,
                6355,
                3813,
                3686
            ],
            "!TimeLimit": 685,
            "ScoreCap": 12711,
            "TotalPods": 97,
            "ScaleFactor": 8.621194040588406,
            "PodFactor": 1.2,
            "TimeFactor": 1.0,
            "EPName": "Sunny Bridges Auditorium"
        },
        "15": {
            "!RankScores": [
                8400,
                7349,
                5250,
                3150,
                3045
            ],
            "!TimeLimit": 575,
            "ScoreCap": 10500,
            "TotalPods": 84,
            "ScaleFactor": 8.382126016514373,
            "PodFactor": 1.2,
            "TimeFactor": 1.0,
            "EPName": "Jungle Training Area"
        },
        "16": {
            "!RankScores": [
                6400,
                5600,
                4000,
                2400,
                2320
            ],
            "!TimeLimit": 367,
            "ScoreCap": 8000,
            "TotalPods": 53,
            "ScaleFactor": 8.113139367178459,
            "PodFactor": 1.2,
            "TimeFactor": 1.0,
            "EPName": "Loch Mess"
        },
        "17": {
            "!RankScores": [
                14316,
                12526,
                8947,
                5368,
                5189
            ],
            "!TimeLimit": 677,
            "ScoreCap": 17895,
            "TotalPods": 115,
            "ScaleFactor": 8.96450334377136,
            "PodFactor": 1.2,
            "TimeFactor": 1.0,
            "EPName": "The Fissure"
        },
        "18": {
            "!RankScores": [
                7225,
                6322,
                4516,
                2709,
                2619
            ],
            "!TimeLimit": 347,
            "ScoreCap": 9032,
            "TotalPods": 49,
            "ScaleFactor": 8.280693578945383,
            "PodFactor": 1.2,